Plugin ID,CVE,CVSS,Risk,Host,Protocol,Port,Name,Synopsis,Description,Solution,See Also,Plugin Output,STIG Severity,CVSS v3.0 Base Score,CVSS Temporal Score,CVSS v3.0 Temporal Score,Risk Factor,BID,XREF,MSKB,Plugin Publication Date,Plugin Modification Date,Metasploit,Core Impact,CANVAS
"10150","","","None","192.168.1.4","tcp","445","Windows NetBIOS / SMB Remote Host Information Disclosure","It was possible to obtain the network name of the remote host.","The remote host is listening on UDP port 137 or TCP port 445, and
replies to NetBIOS nbtscan or SMB requests.

Note that this plugin gathers information to be used in other plugins,
but does not itself generate a report.","n/a","","The following 2 NetBIOS names have been gathered :

 HP               = Computer name
 HP               = Workgroup / Domain name
","","","","","None","","","","1999/10/12","2020/08/20","","",""
"10394","","","None","192.168.1.4","tcp","445","Microsoft Windows SMB Log In Possible","It was possible to log into the remote host.","The remote host is running a Microsoft Windows operating system or
Samba, a CIFS/SMB server for Unix. It was possible to log into it
using one of the following accounts :

- NULL session
- Guest account
- Supplied credentials","n/a","http://www.nessus.org/u?5c2589f6
https://support.microsoft.com/en-us/help/246261","- NULL sessions are enabled on the remote host.
","","","","","None","","","","2000/05/09","2020/03/09","","",""
"10736","","","None","192.168.1.4","tcp","135","DCE Services Enumeration","A DCE/RPC service is running on the remote host.","By sending a Lookup request to the portmapper (TCP 135 or epmapper
PIPE) it was possible to enumerate the Distributed Computing
Environment (DCE) services running on the remote port. Using this
information it is possible to connect and bind to each service by
sending an RPC request to the remote port/pipe.","n/a","","
The following DCERPC services are available locally :

Object UUID : 00000000-0000-0000-0000-000000000000
UUID : 04eeb297-cbf4-466b-8a2a-bfd6a2f10bba, version 1.0
Description : Unknown RPC service
Annotation : EFSK RPC Interface
Type : Local RPC service
Named pipe : LRPC-9fdec7cb4a7db52fa2

Object UUID : 00000000-0000-0000-0000-000000000000
UUID : df1941c5-fe89-4e79-bf10-463657acf44d, version 1.0
Description : Unknown RPC service
Annotation : EFS RPC Interface
Type : Local RPC service
Named pipe : LRPC-9fdec7cb4a7db52fa2

Object UUID : 00000000-0000-0000-0000-000000000000
UUID : 51a227ae-825b-41f2-b4a9-1ac9557a1018, version 1.0
Description : Unknown RPC service
Annotation : Ngc Pop Key Service
Type : Local RPC service
Named pipe : samss lpc

Object UUID : 00000000-0000-0000-0000-000000000000
UUID : 51a227ae-825b-41f2-b4a9-1ac9557a1018, version 1.0
Description : Unknown RPC service
Annotation : Ngc Pop Key Service
Type : Local RPC service
Named pipe : SidKey Local End Point

Object UUID : 00000000-0000-0000-0000-000000000000
UUID : 51a227ae-825b-41f2-b4a9-1ac9557a1018, version 1.0
Description : Unknown RPC service
Annotation : Ngc Pop Key Service
Type : Local RPC service
Named pipe : protected_storage

Object UUID : 00000000-0000-0000-0000-000000000000
UUID : 51a227ae-825b-41f2-b4a9-1ac9557a1018, version 1.0
Description : Unknown RPC service
Annotation : Ngc Pop Key Service
Type : Local RPC service
Named pipe : lsasspirpc

Object UUID : 00000000-0000-0000-0000-000000000000
UUID : 51a227ae-825b-41f2-b4a9-1ac9557a1018, version 1.0
Description : Unknown RPC service
Annotation : Ngc Pop Key Service
Type : Local RPC service
Named pipe : lsapolicylookup

Object UUID : 6c637067-6569-746e-0000-000000000000
UUID : c9ac6db5-82b7-4e55-ae8a-e464ed7b4277, version 1.0
Description : Unknown RPC service
Annotation : Impl friendly name
Type : Local RPC service
Named pipe : LRPC-412afd33b4c03f24ba

Object UUID : 24d1f7c7-76af-4f28-9ccd-7f6cb6468601
UUID : 2eb08e3e-639f-4fba-97b1-14f878961076, version 1.0
Description : Unknown RPC service
Annotation : Group Policy RPC Interface
Type : Local RPC service
Named pipe : LRPC-25fe5d8081b5f29b90

Object UUID : 00000000-0000-0000-0000-000000000000
UUID : a111f1c6-5923-47c0-9a68-d0bafb577901, version 1.0
Description : Unknown RPC service
Annotation : NetCfg Notify Object Host
Type : Local RPC service
Named pipe : NetCfgNotify-00001764

Object UUID : 00000000-0000-0000-0000-000000000000
UUID : a111f1c5-5923-47c0-9a68-d0bafb577901, version 1.0
Description : Unknown RPC service
Annotation : NetSetup API
Type : Local RPC service
Named pipe : LRPC-93b9b2e8b7f88d48a3

Object UUID : 00000000-0000-0000-0000-000000000000
UUID : 30adc50c-5cbc-46ce-9a0e-91914789e23c, version 1.0
Description : Unknown RPC service
Annotation : NRP server endpoint
Type : Local RPC service
Named pipe : LRPC-81d720bd2d053f5387

Object UUID : 8c7daf44-b6dc-11d1-9a4c-0020af6e7c57
UUID : 8c7daf44-b6dc-11d1-9a4c-0020af6e7c57, version 1.0
Description : Application Management service
Windows process : svchost.exe
Annotation : Group Policy RPC Interface
Type : Local RPC service
Named pipe : LRPC-9351e9ca729df5cba0

Object UUID : 00000000-0000-0000-0000-000000000000
UUID : d2716e94-25cb-4820-bc15-537866578562, version 1.0
Description : Unknown RPC service
Type : Local RPC service
Named pipe : LRPC-8e4fc0dfdda8458012

Object UUID : 00000000-0000-0000-0000-000000000000
UUID : 0c53aa2e-fb1c-49c5-bfb6-c54f8e5857cd, version 1.0
Description : Unknown RPC service
Type : Local RPC service
Named pipe : LRPC-8e4fc0dfdda8458012

Object UUID : 00000000-0000-0000-0000-000000000000
UUID : 0c53aa2e-fb1c-49c5-bfb6-c54f8e5857cd, version 1.0
Description : Unknown RPC service
Type : Local RPC service
Named pipe : OLE9E9AE98D7A9C3515F0F53442E95A

Object UUID : 00000000-0000-0000-0000-000000000000
UUID : e8748f69-a2a4-40df-9366-62dbeb696e26, version 0.0
Description : Unknown RPC service
Type : Local RPC service
Named pipe : LRPC-8e4fc0dfdda8458012

Object UUID : 00000000-0000-0000-0000-000000000000
UUID : e8748f69-a2a4-40df-9366-62dbeb696e26, version 0.0
Description : Unknown RPC service
Type : Local RPC service
Named pipe : OLE9E9AE98D7A9C3515F0F53442E95A

Object UUID : 00000000-0000-0000-0000-000000000000
UUID : c8ba73d2-3d55-429c-8e9a-c44f006f69fc, version 0.0
Description : Unknown RPC service
Type : Local RPC service
Named pipe : LRPC-8e4fc0dfdda8458012

Object UUID : 00000000-0000-0000-0000-000000000000
UUID : c8ba73d2-3d55-429c-8e9a-c44f006f69fc, version 0.0
Description : Unknown RPC service
Type : Local RPC service
Named pipe : OLE9E9AE98D7A9C3515F0F53442E95A

Object UUID : 00000000-0000-0000-0000-000000000000
UUID : 43890c94-bfd7-4655-ad6a-b4a68397cdcb, version 0.0
Description : Unknown RPC service
Type : Local RPC service
Named pipe : LRPC-8e4fc0dfdda8458012

Object UUID : 00000000-0000-0000-0000-000000000000
UUID : 43890c94-bfd7-4655-ad6a-b4a68397cdcb, version 0.0
Description : Unknown RPC service
Type : Local RPC service
Named pipe : OLE9E9AE98D7A9C3515F0F53442E95A

Object UUID : 00000000-0000-0000-0000-000000000000
UUID : 923c9623-db7f-4b34-9e6d-e86580f8ca2a, version 1.0
Description : Unknown RPC service
Type : Local RPC service
Named pipe : LRPC-8e4fc0dfdda8458012

Object UUID : 00000000-0000-0000-0000-000000000000
UUID : 923c9623-db7f-4b34-9e6d-e86580f8ca2a, version 1.0
Description : Unknown RPC service
Type : Local RPC service
Named pipe : OLE9E9AE98D7A9C3515F0F53442E95A

Object UUID : 00000006-0000-0000-0000-000000000000
UUID : 8ec21e98-b5ce-4916-a3d6-449fa428a007, version 0.0
Description : Unknown RPC service
Type : Local RPC service
Named pipe : OLE73AD57441069BB8CBE5A65C8C943

Object UUID : 00000006-0000-0000-0000-000000000000
UUID : 8ec21e98-b5ce-4916-a3d6-449fa428a007, version 0.0
Description : Unknown RPC service
Type : Local RPC service
Named pipe : LRPC-72981058086da7bb08

Object UUID : 00000006-0000-0000-0000-000000000000
UUID : 0fc77b1a-95d8-4a2e-a0c0-cff54237462b, version 0.0
Description : Unknown RPC service
Type : Local RPC service
Named pipe : OLE73AD57441069BB8CBE5A65C8C943

Object UUID : 00000006-0000-0000-0000-000000000000
UUID : 0fc77b1a-95d8-4a2e-a0c0-cff54237462b, version 0.0
Description : Unknown RPC service
Type : Local RPC service
Named pipe : LRPC-72981058086da7bb08

Object UUID : 00000006-0000-0000-0000-000000000000
UUID : b1ef227e-dfa5-421e-82bb-67a6a129c496, version 0.0
Description : Unknown RPC service
Type : Local RPC service
Named pipe : OLE73AD57441069BB8CBE5A65C8C943

Object UUID : 00000006-0000-0000-0000-000000000000
UUID : b1ef227e-dfa5-421e-82bb-67a6a129c496, version 0.0
Description : Unknown RPC service
Type : Local RPC service
Named pipe : LRPC-72981058086da7bb08

Object UUID : 00000000-0000-0000-0000-000000000000
UUID : 0e3ae095-8a23-48f4-9782-03c1594a890e, version 1.0
Description : Unknown RPC service
Annotation : NGC Service KSP RPC Interface
Type : Local RPC service
Named pipe : LRPC-af6aef21899cccfdeb

Object UUID : 00000000-0000-0000-0000-000000000000
UUID : c225e799-29de-42af-bc05-1e2127cc056e, version 1.0
Description : Unknown RPC service
Annotation : NGC Service Management RPC Interface
Type : Local RPC service
Named pipe : LRPC-af6aef21899cccfdeb

Object UUID : 00000000-0000-0000-0000-000000000000
UUID : d9844ed9-f72a-4745-a4a1-ee71f950781d, version 1.0
Description : Unknown RPC service
Annotation : NGC Service Silent Management RPC Interface
Type : Local RPC service
Named pipe : LRPC-af6aef21899cccfdeb

Object UUID : 00000000-0000-0000-0000-000000000000
UUID : 2b70bed6-1757-4d22-9f39-448589fbebf5, version 1.0
Description : Unknown RPC service
Annotation : NGC Service Ticket RPC Interface
Type : Local RPC service
Named pipe : LRPC-af6aef21899cccfdeb

Object UUID : 00000000-0000-0000-0000-000000000000
UUID : 9cbc9d3a-7586-4814-8d70-18737dcbe523, version 1.0
Description : Unknown RPC service
Annotation : NGC Service LocalAccount Vault Interface
Type : Local RPC service
Named pipe : LRPC-af6aef21899cccfdeb

Object UUID : 00000000-0000-0000-0000-000000000000
UUID : 4e25f4a2-21e8-40ce-b401-32050413143a, version 1.0
Description : Unknown RPC service
Annotation : Device Credential RPC Interface
Type : Local RPC service
Named pipe : LRPC-af6aef21899cccfdeb

Object UUID : 00000000-0000-0000-0000-000000000000
UUID : fd6b7e61-2bed-4d48-a267-d746fe449fed, version 1.0
Description : Unknown RPC service
Annotation : Device Credential Presence RPC Interface
Type : Local RPC service
Named pipe : LRPC-af6aef21899cccfdeb

Object UUID : 00000000-0000-0000-0000-000000000000
UUID : 8337aebc-5564-46fd-bc41-7798f18d2e4b, version 1.0
Description : Unknown RPC service
Annotation : Device Credential Manager RPC Interface
Type : Local RPC service
Named pipe : LRPC-af6aef21899cccfdeb

Object UUID : bae10e73-0006-44f4-9dab-7d0f635c171a
UUID : 509bc7ae-77be-4ee8-b07c-0d096bb44345, version 1.0
Description : Unknown RPC service
Type : Local RPC service
Named pipe : OLEFAC73DD121AE2B4E10BF7E3E41BC

Object UUID : bae10e73-0006-44f4-9dab-7d0f635c171a
UUID : 509bc7ae-77be-4ee8-b07c-0d096bb44345, version 1.0
Description : Unknown RPC service
Type : Local RPC service
Named pipe : LRPC-7fd6dd35637a9b5d34

Object UUID : b08669ee-8cb5-43a5-a017-84fe00000006
UUID : 76f226c3-ec14-4325-8a99-6a46348418af, version 1.0
Description : Unknown RPC service
Type : Local RPC service
Named pipe : WMsgKRpc088D99ADF6

Object UUID : 52ef130c-08fd-4388-86b3-6edf00000006
UUID : 12e65dd8-887f-41ef-91bf-8d816c42c2e7, version 1.0
Description : Unknown RPC service
Annotation : Secure Desktop LRPC interface
Type : Local RPC service
Named pipe : WMsgKRpc088D99ADF6

Object UUID : 00000000-0000-0000-0000-000000000000
UUID : 3473dd4d-2e88-4006-9cba-22570909dd10, version 5.0
Description : Unknown RPC service
Annotation : WinHttp Auto-Proxy Service
Type : Local RPC service
Named pipe : LRPC-7d15556c3e52152a1a

Object UUID : 00000000-0000-0000-0000-000000000000
UUID : 3473dd4d-2e88-4006-9cba-22570909dd10, version 5.0
Description : Unknown RPC service
Annotation : WinHttp Auto-Proxy Service
Type : Local RPC service
Named pipe : dd5e2c1b-5b51-47ae-9f65-0c59b0d841e1

Object UUID : 00000000-0000-0000-0000-000000000000
UUID : bf4dc912-e52f-4904-8ebe-9317c1bdd497, version 1.0
Description : Unknown RPC service
Type : Local RPC service
Named pipe : OLE9D14108E2250EEB5539AB0B97C28

Object UUID : 00000000-0000-0000-0000-000000000000
UUID : bf4dc912-e52f-4904-8ebe-9317c1bdd497, version 1.0
Description : Unknown RPC service
Type : Local RPC service
Named pipe : LRPC-d3fac19093e1a74ad5

Object UUID : 00000000-0000-0000-0000-000000000000
UUID : c100beac-d33a-4a4b-bf23-bbef4663d017, version 1.0
Description : Unknown RPC service
Annotation : wcncsvc.transport
Type : Local RPC service
Named pipe : wcncsvc.transport

Object UUID : 00000000-0000-0000-0000-000000000000
UUID : c100beab-d33a-4a4b-bf23-bbef4663d017, version 1.0
Description : Unknown RPC service
Annotation : wcncsvc.wcnprpc
Type : Local RPC service
Named pipe : wcncsvc.transport

Object UUID : 00000000-0000-0000-0000-000000000000
UUID : c100beab-d33a-4a4b-bf23-bbef4663d017, version 1.0
Description : Unknown RPC service
Annotation : wcncsvc.wcnprpc
Type : Local RPC service
Named pipe : wcncsvc.wcnprpc

Object UUID : ccb8aa07-7225-4ea0-8501-4b3c1b1acd43
UUID : d09bdeb5-6171-4a34-bfe2-06fa82652568, version 1.0
Description : Unknown RPC service
Type : Local RPC service
Named pipe : OLEE414F009520EF2F57C2DCF10154B

Object UUID : ccb8aa07-7225-4ea0-8501-4b3c1b1acd43
UUID : d09bdeb5-6171-4a34-bfe2-06fa82652568, version 1.0
Description : Unknown RPC service
Type : Local RPC service
Named pipe : LRPC-01cfc649a3ed05ee05

Object UUID : 582a47b2-bcd8-4d3c-8acb-fe09d5bd6eec
UUID : d09bdeb5-6171-4a34-bfe2-06fa82652568, version 1.0
Description : Unknown RPC service
Type : Local RPC service
Named pipe : OLEE414F009520EF2F57C2DCF10154B

Object UUID : 582a47b2-bcd8-4d3c-8acb-fe09d5bd6eec
UUID : d09bdeb5-6171-4a34-bfe2-06fa82652568, version 1.0
Description : Unknown RPC service
Type : Local RPC service
Named pipe : LRPC-01cfc649a3ed05ee05

Object UUID : 00000000-0000-0000-0000-000000000000
UUID : be7f785e-0e3a-4ab7-91de-7e46e443be29, version 0.0
Description : Unknown RPC service
Type : Local RPC service
Named pipe : LRPC-631b2c5e6db8d680fc

Object UUID : 00000000-0000-0000-0000-000000000000
UUID : 54b4c689-969a-476f-8dc2-990885e9f562, version 0.0
Description : Unknown RPC service
Type : Local RPC service
Named pipe : LRPC-631b2c5e6db8d680fc

Object UUID : 00000000-0000-0000-0000-000000000000
UUID : a4b8d482-80ce-40d6-934d-b22a01a44fe7, version 1.0
Description : Unknown RPC service
Annotation : LicenseManager
Type : Local RPC service
Named pipe : LicenseServiceEndpoint

Object UUID : 00000000-0000-0000-0000-000000000000
UUID : 0767a036-0d22-48aa-ba69-b619480f38cb, version 1.0
Description : Unknown RPC service
Annotation : PcaSvc
Type : Local RPC service
Named pipe : LRPC-fbc3ac184c2c455661

Object UUID : 00000000-0000-0000-0000-000000000000
UUID : 0497b57d-2e66-424f-a0c6-157cd5d41700, version 1.0
Description : Unknown RPC service
Annotation : AppInfo
Type : Local RPC service
Named pipe : LRPC-8058f8d9dc8d734ede

Object UUID : 00000000-0000-0000-0000-000000000000
UUID : 201ef99a-7fa0-444c-9399-19ba84f12a1a, version 1.0
Description : Unknown RPC service
Annotation : AppInfo
Type : Local RPC service
Named pipe : LRPC-8058f8d9dc8d734ede

Object UUID : 00000000-0000-0000-0000-000000000000
UUID : 5f54ce7d-5b79-4175-8584-cb65313a0e98, version 1.0
Description : Unknown RPC service
Annotation : AppInfo
Type : Local RPC service
Named pipe : LRPC-8058f8d9dc8d734ede

Object UUID : 00000000-0000-0000-0000-000000000000
UUID : fd7a0523-dc70-43dd-9b2e-9c5ed48225b1, version 1.0
Description : Unknown RPC service
Annotation : AppInfo
Type : Local RPC service
Named pipe : LRPC-8058f8d9dc8d734ede

Object UUID : 00000000-0000-0000-0000-000000000000
UUID : 58e604e8-9adb-4d2e-a464-3b0683fb1480, version 1.0
Description : Unknown RPC service
Annotation : AppInfo
Type : Local RPC service
Named pipe : LRPC-8058f8d9dc8d734ede

Object UUID : 00000000-0000-0000-0000-000000000000
UUID : 06bba54a-be05-49f9-b0a0-30f790261023, version 1.0
Description : Unknown RPC service
Annotation : Security Center
Type : Local RPC service
Named pipe : OLE97712C150FF090B15FA508FEA531

Object UUID : 00000000-0000-0000-0000-000000000000
UUID : 06bba54a-be05-49f9-b0a0-30f790261023, version 1.0
Description : Unknown RPC service
Annotation : Security Center
Type : Local RPC service
Named pipe : LRPC-b46fad3bd7974dc550

Object UUID : 00000000-0000-0000-0000-000000000000
UUID : 7a20fcec-dec4-4c59-be57-212e8f65d3de, version 1.0
Description : Unknown RPC service
Type : Local RPC service
Named pipe : LRPC-80c78dbbc892ea9989

Object UUID : 00000000-0000-0000-0000-000000000000
UUID : 30034843-029d-46ec-8fff-5d12987f85c4, version 1.0
Description : Unknown RPC service
Annotation : INgcProvisioningHandler
Type : Local RPC service
Named pipe : LRPC-b4853699df7c426ff3

Object UUID : 00000000-0000-0000-0000-000000000000
UUID : 8bef2320-f308-4720-b913-0129cecfa6b9, version 1.0
Description : Unknown RPC service
Annotation : IVscProvisioningHandler
Type : Local RPC service
Named pipe : LRPC-b4853699df7c426ff3

Object UUID : 00000000-0000-0000-0000-000000000000
UUID : 2d24ff0b-1bab-404c-a0fd-42c85577bf68, version 1.0
Description : Unknown RPC service
Annotation : INgcHandler
Type : Local RPC service
Named pipe : LRPC-b4853699df7c426ff3

Object UUID : 00000000-0000-0000-0000-000000000000
UUID : 7642249b-84c2-4404-b6eb-1e0a2458839a, version 1.0
Description : Unknown RPC service
Annotation : INgcSecureBioHandler
Type : Local RPC service
Named pipe : LRPC-b4853699df7c426ff3

Object UUID : 00000000-0000-0000-0000-000000000000
UUID : e6f89680-fc98-11e3-80d4-10604b681cfa, version 1.0
Description : Unknown RPC service
Annotation : INgcGidsHandler
Type : Local RPC service
Named pipe : LRPC-b4853699df7c426ff3

Object UUID : 00000000-0000-0000-0000-000000000000
UUID : d4051bde-9cdd-4910-b393-4aa85ec3c482, version 1.0
Description : Unknown RPC service
Type : Local RPC service
Named pipe : LRPC-9e8815cb3eac5a7c37

Object UUID : 00000000-0000-0000-0000-000000000000
UUID : 4c9dbf19-d39e-4bb9-90ee-8f7179b20283, version 1.0
Description : Unknown RPC service
Type : Local RPC service
Named pipe : LRPC-9e8815cb3eac5a7c37

Object UUID : 00000000-0000-0000-0000-000000000000
UUID : fd8be72b-a9cd-4b2c-a9ca-4ded242fbe4d, version 1.0
Description : Unknown RPC service
Type : Local RPC service
Named pipe : LRPC-9e8815cb3eac5a7c37

Object UUID : 00000000-0000-0000-0000-000000000000
UUID : 95095ec8-32ea-4eb0-a3e2-041f97b36168, version 1.0
Description : Unknown RPC service
Type : Local RPC service
Named pipe : LRPC-9e8815cb3eac5a7c37

Object UUID : 00000000-0000-0000-0000-000000000000
UUID : e38f5360-8572-473e-b696-1b46873beeab, version 1.0
Description : Unknown RPC service
Type : Local RPC service
Named pipe : LRPC-9e8815cb3eac5a7c37

Object UUID : 00000000-0000-0000-0000-000000000000
UUID : d22895ef-aff4-42c5-a5b2-b14466d34ab4, version 1.0
Description : Unknown RPC service
Type : Local RPC service
Named pipe : LRPC-9e8815cb3eac5a7c37

Object UUID : 00000000-0000-0000-0000-000000000000
UUID : 98cd761e-e77d-41c8-a3c0-0fb756d90ec2, version 1.0
Description : Unknown RPC service
Type : Local RPC service
Named pipe : LRPC-9e8815cb3eac5a7c37

Object UUID : 00000000-0000-0000-0000-000000000000
UUID : 650a7e26-eab8-5533-ce43-9c1dfce11511, version 1.0
Description : Unknown RPC service
Annotation : Vpn APIs
Type : Local RPC service
Named pipe : RasmanLrpc

Object UUID : 00000000-0000-0000-0000-000000000000
UUID : 650a7e26-eab8-5533-ce43-9c1dfce11511, version 1.0
Description : Unknown RPC service
Annotation : Vpn APIs
Type : Local RPC service
Named pipe : VpnikeRpc

Object UUID : 00000000-0000-0000-0000-000000000000
UUID : 650a7e26-eab8-5533-ce43-9c1dfce11511, version 1.0
Description : Unknown RPC service
Annotation : Vpn APIs
Type : Local RPC service
Named pipe : LRPC-8f82d8a0c095515e3d

Object UUID : 00000000-0000-0000-0000-000000000000
UUID : 714dc5c4-c5f6-466a-b037-a573c958031e, version 1.0
Description : Unknown RPC service
Annotation : ProcessTag Server Endpoint
Type : Local RPC service
Named pipe : OLEC75BDFB913AAA3B4F166219FFC61

Object UUID : 00000000-0000-0000-0000-000000000000
UUID : 714dc5c4-c5f6-466a-b037-a573c958031e, version 1.0
Description : Unknown RPC service
Annotation : ProcessTag Server Endpoint
Type : Local RPC service
Named pipe : LRPC-35124f64ce37f5c4cb

Object UUID : 00000000-0000-0000-0000-000000000000
UUID : 4b112204-0e19-11d3-b42b-0000f81feb9f, version 1.0
Description : SSDP service
Windows process : unknow
Type : Local RPC service
Named pipe : LRPC-187a6634961e0d1ca9

Object UUID : 00000000-0000-0000-0000-000000000000
UUID : 2f5f6521-cb55-1059-b446-00df0bce31db, version 1.0
Description : Telephony service
Windows process : svchost.exe
Annotation : Unimodem LRPC Endpoint
Type : Local RPC service
Named pipe : tapsrvlpc

Object UUID : 00000000-0000-0000-0000-000000000000
UUID : 2f5f6521-cb55-1059-b446-00df0bce31db, version 1.0
Description : Telephony service
Windows process : svchost.exe
Annotation : Unimodem LRPC Endpoint
Type : Local RPC service
Named pipe : unimdmsvc

Object UUID : 00000000-0000-0000-0000-000000000000
UUID : 98716d03-89ac-44c7-bb8c-285824e51c4a, version 1.0
Description : Unknown RPC service
Annotation : XactSrv service
Type : Local RPC service
Named pipe : LRPC-eb02595e154e8f01b4

Object UUID : 00000000-0000-0000-0000-000000000000
UUID : 1a0d010f-1c33-432c-b0f5-8cf4e8053099, version 1.0
Description : Unknown RPC service
Annotation : IdSegSrv service
Type : Local RPC service
Named pipe : LRPC-eb02595e154e8f01b4

Object UUID : 00000000-0000-0000-0000-000000000000
UUID : 0a533b58-0ed9-4085-b6e8-95795e147972, version 1.0
Description : Unknown RPC service
Type : Local RPC service
Named pipe : OLE1D2F95A12973335D2AFBA9CF9A01

Object UUID : 00000000-0000-0000-0000-000000000000
UUID : 0a533b58-0ed9-4085-b6e8-95795e147972, version 1.0
Description : Unknown RPC service
Type : Local RPC service
Named pipe : LRPC-49ce8977672dc04fbb

Object UUID : 00000000-0000-0000-0000-000000000000
UUID : 5dea026d-f999-40b1-a234-2164fd086783, version 1.0
Description : Unknown RPC service
Type : Local RPC service
Named pipe : OLE1D2F95A12973335D2AFBA9CF9A01

Object UUID : 00000000-0000-0000-0000-000000000000
UUID : 5dea026d-f999-40b1-a234-2164fd086783, version 1.0
Description : Unknown RPC service
Type : Local RPC service
Named pipe : LRPC-49ce8977672dc04fbb

Object UUID : 00000000-0000-0000-0000-000000000000
UUID : 5dea026d-f999-40b1-a234-2164fd086783, version 1.0
Description : Unknown RPC service
Type : Local RPC service
Named pipe : LRPC-c90de2015b56195ee7

Object UUID : fccae962-4722-40c7-a46d-fe5153280723
UUID : d09bdeb5-6171-4a34-bfe2-06fa82652568, version 1.0
Description : Unknown RPC service
Type : Local RPC service
Named pipe : OLE1D2F95A12973335D2AFBA9CF9A01

Object UUID : fccae962-4722-40c7-a46d-fe5153280723
UUID : d09bdeb5-6171-4a34-bfe2-06fa82652568, version 1.0
Description : Unknown RPC service
Type : Local RPC service
Named pipe : LRPC-49ce8977672dc04fbb

Object UUID : fccae962-4722-40c7-a46d-fe5153280723
UUID : d09bdeb5-6171-4a34-bfe2-06fa82652568, version 1.0
Description : Unknown RPC service
Type : Local RPC service
Named pipe : LRPC-c90de2015b56195ee7

Object UUID : fccae962-4722-40c7-a46d-fe5153280723
UUID : d09bdeb5-6171-4a34-bfe2-06fa82652568, version 1.0
Description : Unknown RPC service
Type : Local RPC service
Named pipe : LRPC-95083912beff4632de

Object UUID : 00000000-0000-0000-0000-000000000000
UUID : 2acb9d68-b434-4b3e-b966-e06b4b3a84cb, version 1.0
Description : Unknown RPC service
Type : Local RPC service
Named pipe : OLE1D2F95A12973335D2AFBA9CF9A01

Object UUID : 00000000-0000-0000-0000-000000000000
UUID : 2acb9d68-b434-4b3e-b966-e06b4b3a84cb, version 1.0
Description : Unknown RPC service
Type : Local RPC service
Named pipe : LRPC-49ce8977672dc04fbb

Object UUID : 00000000-0000-0000-0000-000000000000
UUID : 2acb9d68-b434-4b3e-b966-e06b4b3a84cb, version 1.0
Description : Unknown RPC service
Type : Local RPC service
Named pipe : LRPC-c90de2015b56195ee7

Object UUID : 00000000-0000-0000-0000-000000000000
UUID : 2acb9d68-b434-4b3e-b966-e06b4b3a84cb, version 1.0
Description : Unknown RPC service
Type : Local RPC service
Named pipe : LRPC-95083912beff4632de

Object UUID : 00000000-0000-0000-0000-000000000000
UUID : 2acb9d68-b434-4b3e-b966-e06b4b3a84cb, version 1.0
Description : Unknown RPC service
Type : Local RPC service
Named pipe : LRPC-5253cc1be6d077030e

Object UUID : 00000000-0000-0000-0000-000000000000
UUID : a398e520-d59a-4bdd-aa7a-3c1e0303a511, version 1.0
Description : Unknown RPC service
Annotation : IKE/Authip API
Type : Local RPC service
Named pipe : LRPC-d78567eb7c5bc7193b

Object UUID : 49541cea-a719-4e75-8d58-a3a7bfff960e
UUID : 850cee52-3038-4277-b9b4-e05db8b2c35c, version 1.0
Description : Unknown RPC service
Annotation : Device Association Framework Association RPC Interface
Type : Local RPC service
Named pipe : LRPC-1fa6296d1f68314e97

Object UUID : 80b4038a-1d09-4c05-b1b6-249a4c2e0736
UUID : a1d4eae7-39f8-4bca-8e72-832767f5082a, version 1.0
Description : Unknown RPC service
Annotation : Device Association Framework Inbound RPC Interface
Type : Local RPC service
Named pipe : LRPC-1fa6296d1f68314e97

Object UUID : 145857ef-d848-4a7e-b544-c1984d26cf05
UUID : 2e7d4935-59d2-4312-a2c8-41900aa5495f, version 1.0
Description : Unknown RPC service
Annotation : Device Association Framework Challenge RPC Interface
Type : Local RPC service
Named pipe : LRPC-1fa6296d1f68314e97

Object UUID : 289e5e0f-414a-4de9-8d17-244507fffc07
UUID : bd84cd86-9825-4376-813d-334c543f89b1, version 1.0
Description : Unknown RPC service
Annotation : Device Association Framework Query RPC Interface
Type : Local RPC service
Named pipe : LRPC-1fa6296d1f68314e97

Object UUID : 1475c123-1193-4379-81ac-302c4383421d
UUID : 5b665b9a-a086-4e26-ae24-96ab050b0ec3, version 1.0
Description : Unknown RPC service
Annotation : Device Association Framework AEP Store Access RPC Interface
Type : Local RPC service
Named pipe : LRPC-1fa6296d1f68314e97

Object UUID : 00000000-0000-0000-0000-000000000000
UUID : 25952c5d-7976-4aa1-a3cb-c35f7ae79d1b, version 1.0
Description : Unknown RPC service
Annotation : Wireless Diagnostics
Type : Local RPC service
Named pipe : LRPC-1fbb708690b69d9b7a

Object UUID : 6e616c77-7673-0063-0000-000000000000
UUID : c9ac6db5-82b7-4e55-ae8a-e464ed7b4277, version 1.0
Description : Unknown RPC service
Annotation : Impl friendly name
Type : Local RPC service
Named pipe : LRPC-1fbb708690b69d9b7a

Object UUID : 00000000-0000-0000-0000-000000000000
UUID : 266f33b4-c7c1-4bd1-8f52-ddb8f2214ea9, version 1.0
Description : Unknown RPC service
Annotation : Wlan Service
Type : Local RPC service
Named pipe : LRPC-1fbb708690b69d9b7a

Object UUID : 00000000-0000-0000-0000-000000000000
UUID : 266f33b4-c7c1-4bd1-8f52-ddb8f2214ea9, version 1.0
Description : Unknown RPC service
Annotation : Wlan Service
Type : Local RPC service
Named pipe : LRPC-6a0b4312f7dc335706

Object UUID : 00000000-0000-0000-0000-000000000000
UUID : 266f33b4-c7c1-4bd1-8f52-ddb8f2214eb0, version 1.0
Description : Unknown RPC service
Annotation : Wlan Service LowPriv
Type : Local RPC service
Named pipe : LRPC-1fbb708690b69d9b7a

Object UUID : 00000000-0000-0000-0000-000000000000
UUID : 266f33b4-c7c1-4bd1-8f52-ddb8f2214eb0, version 1.0
Description : Unknown RPC service
Annotation : Wlan Service LowPriv
Type : Local RPC service
Named pipe : LRPC-6a0b4312f7dc335706

Object UUID : 00000000-0000-0000-0000-000000000000
UUID : af7fead8-c34a-461f-8894-6d6f0e5eddcd, version 1.0
Description : Unknown RPC service
Type : Local RPC service
Named pipe : LRPC-1fbb708690b69d9b7a

Object UUID : 00000000-0000-0000-0000-000000000000
UUID : af7fead8-c34a-461f-8894-6d6f0e5eddcd, version 1.0
Description : Unknown RPC service
Type : Local RPC service
Named pipe : LRPC-6a0b4312f7dc335706

Object UUID : 00000000-0000-0000-0000-000000000000
UUID : af7fead8-c34a-461f-8894-6d6f0e5eddcd, version 1.0
Description : Unknown RPC service
Type : Local RPC service
Named pipe : OLECEB2AE43AD49EB7BB920FA0BE71D

Object UUID : 00000000-0000-0000-0000-000000000000
UUID : af7fead8-c34a-461f-8894-6d6f0e5eddcd, version 1.0
Description : Unknown RPC service
Type : Local RPC service
Named pipe : LRPC-d95f790509de40c7e9

Object UUID : 00000000-0000-0000-0000-000000000000
UUID : c27f3c08-92ba-478c-b446-b419c4cef0e2, version 1.0
Description : Unknown RPC service
Type : Local RPC service
Named pipe : LRPC-bafd1f79fc421bea9a

Object UUID : 00000000-0000-0000-0000-000000000000
UUID : f2c9b409-c1c9-4100-8639-d8ab1486694a, version 1.0
Description : Unknown RPC service
Annotation : Witness Client Upcall Server
Type : Local RPC service
Named pipe : LRPC-6a57af64b60bdf8c8b

Object UUID : 00000000-0000-0000-0000-000000000000
UUID : eb081a0d-10ee-478a-a1dd-50995283e7a8, version 3.0
Description : Unknown RPC service
Annotation : Witness Client Test Interface
Type : Local RPC service
Named pipe : LRPC-6a57af64b60bdf8c8b

Object UUID : 00000000-0000-0000-0000-000000000000
UUID : 7f1343fe-50a9-4927-a778-0c5859517bac, version 1.0
Description : Unknown RPC service
Annotation : DfsDs service
Type : Local RPC service
Named pipe : LRPC-6a57af64b60bdf8c8b

Object UUID : 00000000-0000-0000-0000-000000000000
UUID : c0e9671e-33c6-4438-9464-56b2e1b1c7b4, version 1.0
Description : Unknown RPC service
Annotation : wbiosrvc
Type : Local RPC service
Named pipe : LRPC-a4b8f84a1152f2f968

Object UUID : 00000000-0000-0000-0000-000000000000
UUID : 4be96a0f-9f52-4729-a51d-c70610f118b0, version 1.0
Description : Unknown RPC service
Annotation : wbiosrvc
Type : Local RPC service
Named pipe : LRPC-a4b8f84a1152f2f968

Object UUID : 00000000-0000-0000-0000-000000000000
UUID : 552d076a-cb29-4e44-8b6a-d15e59e2c0af, version 1.0
Description : Unknown RPC service
Annotation : IP Transition Configuration endpoint
Type : Local RPC service
Named pipe : LRPC-cd8d235465fcdbc481

Object UUID : 00000000-0000-0000-0000-000000000000
UUID : 2e6035b2-e8f1-41a7-a044-656b439c4c34, version 1.0
Description : Unknown RPC service
Annotation : Proxy Manager provider server endpoint
Type : Local RPC service
Named pipe : LRPC-cd8d235465fcdbc481

Object UUID : 00000000-0000-0000-0000-000000000000
UUID : 2e6035b2-e8f1-41a7-a044-656b439c4c34, version 1.0
Description : Unknown RPC service
Annotation : Proxy Manager provider server endpoint
Type : Local RPC service
Named pipe : TeredoDiagnostics

Object UUID : 00000000-0000-0000-0000-000000000000
UUID : 2e6035b2-e8f1-41a7-a044-656b439c4c34, version 1.0
Description : Unknown RPC service
Annotation : Proxy Manager provider server endpoint
Type : Local RPC service
Named pipe : TeredoControl

Object UUID : 00000000-0000-0000-0000-000000000000
UUID : c36be077-e14b-4fe9-8abc-e856ef4f048b, version 1.0
Description : Unknown RPC service
Annotation : Proxy Manager client server endpoint
Type : Local RPC service
Named pipe : LRPC-cd8d235465fcdbc481

Object UUID : 00000000-0000-0000-0000-000000000000
UUID : c36be077-e14b-4fe9-8abc-e856ef4f048b, version 1.0
Description : Unknown RPC service
Annotation : Proxy Manager client server endpoint
Type : Local RPC service
Named pipe : TeredoDiagnostics

Object UUID : 00000000-0000-0000-0000-000000000000
UUID : c36be077-e14b-4fe9-8abc-e856ef4f048b, version 1.0
Description : Unknown RPC service
Annotation : Proxy Manager client server endpoint
Type : Local RPC service
Named pipe : TeredoControl

Object UUID : 00000000-0000-0000-0000-000000000000
UUID : c49a5a70-8a7f-4e70-ba16-1e8f1f193ef1, version 1.0
Description : Unknown RPC service
Annotation : Adh APIs
Type : Local RPC service
Named pipe : LRPC-cd8d235465fcdbc481

Object UUID : 00000000-0000-0000-0000-000000000000
UUID : c49a5a70-8a7f-4e70-ba16-1e8f1f193ef1, version 1.0
Description : Unknown RPC service
Annotation : Adh APIs
Type : Local RPC service
","","","","","None","","","","2001/08/26","2020/08/20","","",""
"10736","","","None","192.168.1.4","tcp","445","DCE Services Enumeration","A DCE/RPC service is running on the remote host.","By sending a Lookup request to the portmapper (TCP 135 or epmapper
PIPE) it was possible to enumerate the Distributed Computing
Environment (DCE) services running on the remote port. Using this
information it is possible to connect and bind to each service by
sending an RPC request to the remote port/pipe.","n/a","","
The following DCERPC services are available remotely :

Object UUID : 00000000-0000-0000-0000-000000000000
UUID : 04eeb297-cbf4-466b-8a2a-bfd6a2f10bba, version 1.0
Description : Unknown RPC service
Annotation : EFSK RPC Interface
Type : Remote RPC service
Named pipe : \pipe\efsrpc
Netbios name : \\HP

Object UUID : 00000000-0000-0000-0000-000000000000
UUID : df1941c5-fe89-4e79-bf10-463657acf44d, version 1.0
Description : Unknown RPC service
Annotation : EFS RPC Interface
Type : Remote RPC service
Named pipe : \pipe\efsrpc
Netbios name : \\HP

Object UUID : 00000000-0000-0000-0000-000000000000
UUID : 650a7e26-eab8-5533-ce43-9c1dfce11511, version 1.0
Description : Unknown RPC service
Annotation : Vpn APIs
Type : Remote RPC service
Named pipe : \PIPE\ROUTER
Netbios name : \\HP

Object UUID : 00000000-0000-0000-0000-000000000000
UUID : 2f5f6521-cb55-1059-b446-00df0bce31db, version 1.0
Description : Telephony service
Windows process : svchost.exe
Annotation : Unimodem LRPC Endpoint
Type : Remote RPC service
Named pipe : \pipe\tapsrv
Netbios name : \\HP

Object UUID : 00000000-0000-0000-0000-000000000000
UUID : 7f1343fe-50a9-4927-a778-0c5859517bac, version 1.0
Description : Unknown RPC service
Annotation : DfsDs service
Type : Remote RPC service
Named pipe : \PIPE\wkssvc
Netbios name : \\HP

Object UUID : 00000000-0000-0000-0000-000000000000
UUID : f6beaff7-1e19-4fbb-9f8f-b89e2018337c, version 1.0
Description : Unknown RPC service
Annotation : Event log TCPIP
Type : Remote RPC service
Named pipe : \pipe\eventlog
Netbios name : \\HP

Object UUID : 00000000-0000-0000-0000-000000000000
UUID : 1ff70682-0a51-30e8-076d-740be8cee98b, version 1.0
Description : Scheduler Service
Windows process : svchost.exe
Type : Remote RPC service
Named pipe : \PIPE\atsvc
Netbios name : \\HP

Object UUID : 00000000-0000-0000-0000-000000000000
UUID : 378e52b0-c0a9-11cf-822d-00aa0051e40f, version 1.0
Description : Scheduler Service
Windows process : svchost.exe
Type : Remote RPC service
Named pipe : \PIPE\atsvc
Netbios name : \\HP

Object UUID : 00000000-0000-0000-0000-000000000000
UUID : 33d84484-3626-47ee-8c6f-e7e98b113be1, version 2.0
Description : Unknown RPC service
Type : Remote RPC service
Named pipe : \PIPE\atsvc
Netbios name : \\HP

Object UUID : 00000000-0000-0000-0000-000000000000
UUID : 86d35949-83c9-4044-b424-db363231fd0c, version 1.0
Description : Unknown RPC service
Type : Remote RPC service
Named pipe : \PIPE\atsvc
Netbios name : \\HP

Object UUID : 00000000-0000-0000-0000-000000000000
UUID : 3a9ef155-691d-4449-8d05-09ad57031823, version 1.0
Description : Unknown RPC service
Type : Remote RPC service
Named pipe : \PIPE\atsvc
Netbios name : \\HP

Object UUID : b08669ee-8cb5-43a5-a017-84fe00000000
UUID : 76f226c3-ec14-4325-8a99-6a46348418af, version 1.0
Description : Unknown RPC service
Type : Remote RPC service
Named pipe : \PIPE\InitShutdown
Netbios name : \\HP

Object UUID : 765294ba-60bc-48b8-92e9-89fd77769d91
UUID : d95afe70-a6d5-4259-822e-2c84da1ddb0d, version 1.0
Description : Unknown RPC service
Type : Remote RPC service
Named pipe : \PIPE\InitShutdown
Netbios name : \\HP

Object UUID : 00000000-0000-0000-0000-000000000000
UUID : 12345778-1234-abcd-ef00-0123456789ac, version 1.0
Description : Security Account Manager
Windows process : lsass.exe
Type : Remote RPC service
Named pipe : \pipe\lsass
Netbios name : \\HP

Object UUID : 00000000-0000-0000-0000-000000000000
UUID : b25a52bf-e5dd-4f4a-aea6-8ca7272a0e86, version 2.0
Description : Unknown RPC service
Annotation : KeyIso
Type : Remote RPC service
Named pipe : \pipe\lsass
Netbios name : \\HP

Object UUID : 00000000-0000-0000-0000-000000000000
UUID : 8fb74744-b2ff-4c00-be0d-9ef9a191fe1b, version 1.0
Description : Unknown RPC service
Annotation : Ngc Pop Key Service
Type : Remote RPC service
Named pipe : \pipe\lsass
Netbios name : \\HP

Object UUID : 00000000-0000-0000-0000-000000000000
UUID : 51a227ae-825b-41f2-b4a9-1ac9557a1018, version 1.0
Description : Unknown RPC service
Annotation : Ngc Pop Key Service
Type : Remote RPC service
Named pipe : \pipe\lsass
Netbios name : \\HP

","","","","","None","","","","2001/08/26","2020/08/20","","",""
"10736","","","None","192.168.1.4","tcp","22867","DCE Services Enumeration","A DCE/RPC service is running on the remote host.","By sending a Lookup request to the portmapper (TCP 135 or epmapper
PIPE) it was possible to enumerate the Distributed Computing
Environment (DCE) services running on the remote port. Using this
information it is possible to connect and bind to each service by
sending an RPC request to the remote port/pipe.","n/a","","
The following DCERPC services are available on TCP port 22867 :

Object UUID : 00000000-0000-0000-0000-000000000000
UUID : 6b5bdd1e-528c-422c-af8c-a4079be4fe48, version 1.0
Description : Unknown RPC service
Annotation : Remote Fw APIs
Type : Remote RPC service
TCP Port : 22867
IP : 192.168.1.4

","","","","","None","","","","2001/08/26","2020/08/20","","",""
"10736","","","None","192.168.1.4","tcp","49664","DCE Services Enumeration","A DCE/RPC service is running on the remote host.","By sending a Lookup request to the portmapper (TCP 135 or epmapper
PIPE) it was possible to enumerate the Distributed Computing
Environment (DCE) services running on the remote port. Using this
information it is possible to connect and bind to each service by
sending an RPC request to the remote port/pipe.","n/a","","
The following DCERPC services are available on TCP port 49664 :

Object UUID : 00000000-0000-0000-0000-000000000000
UUID : 51a227ae-825b-41f2-b4a9-1ac9557a1018, version 1.0
Description : Unknown RPC service
Annotation : Ngc Pop Key Service
Type : Remote RPC service
TCP Port : 49664
IP : 192.168.1.4

Object UUID : 00000000-0000-0000-0000-000000000000
UUID : 12345778-1234-abcd-ef00-0123456789ac, version 1.0
Description : Security Account Manager
Windows process : lsass.exe
Type : Remote RPC service
TCP Port : 49664
IP : 192.168.1.4

Object UUID : 00000000-0000-0000-0000-000000000000
UUID : b25a52bf-e5dd-4f4a-aea6-8ca7272a0e86, version 2.0
Description : Unknown RPC service
Annotation : KeyIso
Type : Remote RPC service
TCP Port : 49664
IP : 192.168.1.4

Object UUID : 00000000-0000-0000-0000-000000000000
UUID : 8fb74744-b2ff-4c00-be0d-9ef9a191fe1b, version 1.0
Description : Unknown RPC service
Annotation : Ngc Pop Key Service
Type : Remote RPC service
TCP Port : 49664
IP : 192.168.1.4

","","","","","None","","","","2001/08/26","2020/08/20","","",""
"10736","","","None","192.168.1.4","tcp","49665","DCE Services Enumeration","A DCE/RPC service is running on the remote host.","By sending a Lookup request to the portmapper (TCP 135 or epmapper
PIPE) it was possible to enumerate the Distributed Computing
Environment (DCE) services running on the remote port. Using this
information it is possible to connect and bind to each service by
sending an RPC request to the remote port/pipe.","n/a","","
The following DCERPC services are available on TCP port 49665 :

Object UUID : 765294ba-60bc-48b8-92e9-89fd77769d91
UUID : d95afe70-a6d5-4259-822e-2c84da1ddb0d, version 1.0
Description : Unknown RPC service
Type : Remote RPC service
TCP Port : 49665
IP : 192.168.1.4

","","","","","None","","","","2001/08/26","2020/08/20","","",""
"10736","","","None","192.168.1.4","tcp","49666","DCE Services Enumeration","A DCE/RPC service is running on the remote host.","By sending a Lookup request to the portmapper (TCP 135 or epmapper
PIPE) it was possible to enumerate the Distributed Computing
Environment (DCE) services running on the remote port. Using this
information it is possible to connect and bind to each service by
sending an RPC request to the remote port/pipe.","n/a","","
The following DCERPC services are available on TCP port 49666 :

Object UUID : 00000000-0000-0000-0000-000000000000
UUID : f6beaff7-1e19-4fbb-9f8f-b89e2018337c, version 1.0
Description : Unknown RPC service
Annotation : Event log TCPIP
Type : Remote RPC service
TCP Port : 49666
IP : 192.168.1.4

","","","","","None","","","","2001/08/26","2020/08/20","","",""
"10736","","","None","192.168.1.4","tcp","49667","DCE Services Enumeration","A DCE/RPC service is running on the remote host.","By sending a Lookup request to the portmapper (TCP 135 or epmapper
PIPE) it was possible to enumerate the Distributed Computing
Environment (DCE) services running on the remote port. Using this
information it is possible to connect and bind to each service by
sending an RPC request to the remote port/pipe.","n/a","","
The following DCERPC services are available on TCP port 49667 :

Object UUID : 00000000-0000-0000-0000-000000000000
UUID : 86d35949-83c9-4044-b424-db363231fd0c, version 1.0
Description : Unknown RPC service
Type : Remote RPC service
TCP Port : 49667
IP : 192.168.1.4

Object UUID : 00000000-0000-0000-0000-000000000000
UUID : 3a9ef155-691d-4449-8d05-09ad57031823, version 1.0
Description : Unknown RPC service
Type : Remote RPC service
TCP Port : 49667
IP : 192.168.1.4

","","","","","None","","","","2001/08/26","2020/08/20","","",""
"10736","","","None","192.168.1.4","tcp","49668","DCE Services Enumeration","A DCE/RPC service is running on the remote host.","By sending a Lookup request to the portmapper (TCP 135 or epmapper
PIPE) it was possible to enumerate the Distributed Computing
Environment (DCE) services running on the remote port. Using this
information it is possible to connect and bind to each service by
sending an RPC request to the remote port/pipe.","n/a","","
The following DCERPC services are available on TCP port 49668 :

Object UUID : 00000000-0000-0000-0000-000000000000
UUID : 12345678-1234-abcd-ef00-0123456789ab, version 1.0
Description : IPsec Services (Windows XP & 2003)
Windows process : lsass.exe
Type : Remote RPC service
TCP Port : 49668
IP : 192.168.1.4

Object UUID : 00000000-0000-0000-0000-000000000000
UUID : 0b6edbfa-4a24-4fc6-8a23-942b1eca65d1, version 1.0
Description : Unknown RPC service
Type : Remote RPC service
TCP Port : 49668
IP : 192.168.1.4

Object UUID : 00000000-0000-0000-0000-000000000000
UUID : ae33069b-a2a8-46ee-a235-ddfd339be281, version 1.0
Description : Unknown RPC service
Type : Remote RPC service
TCP Port : 49668
IP : 192.168.1.4

Object UUID : 00000000-0000-0000-0000-000000000000
UUID : 4a452661-8290-4b36-8fbe-7f4093a94978, version 1.0
Description : Unknown RPC service
Type : Remote RPC service
TCP Port : 49668
IP : 192.168.1.4

Object UUID : 00000000-0000-0000-0000-000000000000
UUID : 76f03f96-cdfd-44fc-a22c-64950a001209, version 1.0
Description : Unknown RPC service
Type : Remote RPC service
TCP Port : 49668
IP : 192.168.1.4

","","","","","None","","","","2001/08/26","2020/08/20","","",""
"10736","","","None","192.168.1.4","tcp","49669","DCE Services Enumeration","A DCE/RPC service is running on the remote host.","By sending a Lookup request to the portmapper (TCP 135 or epmapper
PIPE) it was possible to enumerate the Distributed Computing
Environment (DCE) services running on the remote port. Using this
information it is possible to connect and bind to each service by
sending an RPC request to the remote port/pipe.","n/a","","
The following DCERPC services are available on TCP port 49669 :

Object UUID : 00000000-0000-0000-0000-000000000000
UUID : 367abb81-9844-35f1-ad32-98f038001003, version 2.0
Description : Service Control Manager
Windows process : svchost.exe
Type : Remote RPC service
TCP Port : 49669
IP : 192.168.1.4

","","","","","None","","","","2001/08/26","2020/08/20","","",""
"11011","","","None","192.168.1.4","tcp","139","Microsoft Windows SMB Service Detection","A file / print sharing service is listening on the remote host.","The remote service understands the CIFS (Common Internet File System)
or Server Message Block (SMB) protocol, used to provide shared access
to files, printers, etc between nodes on a network.","n/a","","
An SMB server is running on this port.
","","","","","None","","","","2002/06/05","2020/08/20","","",""
"11011","","","None","192.168.1.4","tcp","445","Microsoft Windows SMB Service Detection","A file / print sharing service is listening on the remote host.","The remote service understands the CIFS (Common Internet File System)
or Server Message Block (SMB) protocol, used to provide shared access
to files, printers, etc between nodes on a network.","n/a","","
A CIFS server is running on this port.
","","","","","None","","","","2002/06/05","2020/08/20","","",""
"11936","","","None","192.168.1.4","tcp","0","OS Identification","It is possible to guess the remote operating system.","Using a combination of remote probes (e.g., TCP/IP, SMB, HTTP, NTP,
SNMP, etc.), it is possible to guess the name of the remote operating
system in use. It is also possible sometimes to guess the version of
the operating system.","n/a","","
Remote operating system : Windows
Confidence level : 50
Method : Misc

 
The remote host is running Windows","","","","","None","","","","2003/12/09","2020/03/09","","",""
"12053","","","None","192.168.1.4","tcp","0","Host Fully Qualified Domain Name (FQDN) Resolution","It was possible to resolve the name of the remote host.","Nessus was able to resolve the fully qualified domain name (FQDN) of
the remote host.","n/a","","
192.168.1.4 resolves as HP.domain.name.
","","","","","None","","","","2004/02/11","2017/04/14","","",""
"12634","","","None","192.168.1.4","tcp","0","Authenticated Check : OS Name and Installed Package Enumeration","This plugin gathers information about the remote host via an
authenticated session.","This plugin logs into the remote host using SSH, RSH, RLOGIN, Telnet,
or local commands and extracts the list of installed packages.

If using SSH, the scan should be configured with a valid SSH public
key and possibly an SSH passphrase (if the SSH public key is protected
by a passphrase).","n/a","","Nessus can run commands on localhost to check if patches are applied.

However, the execution of the command ""uname -a"" failed, so local security
checks have not been enabled.

SSH Version Banner : 
","","","","","None","","","","2004/07/06","2020/07/23","","",""
"19506","","","None","192.168.1.4","tcp","0","Nessus Scan Information","This plugin displays information about the Nessus scan.","This plugin displays, for each tested host, information about the
scan itself :

  - The version of the plugin set.
  - The type of scanner (Nessus or Nessus Home).
  - The version of the Nessus Engine.
  - The port scanner(s) used.
  - The port range scanned.
  - Whether credentialed or third-party patch management
    checks are possible.
  - Whether the display of superseded patches is enabled
  - The date of the scan.
  - The duration of the scan.
  - The number of hosts scanned in parallel.
  - The number of checks done in parallel.","n/a","","Information about this scan : 

Nessus version : 8.11.1
Plugin feed version : 202008250542
Scanner edition used : Nessus
Scan type : Normal
Scan policy used : Advanced Scan
Scanner IP : 192.168.1.4
Thorough tests : no
Experimental tests : no
Paranoia level : 1
Report verbosity : 1
Safe checks : yes
Optimize the test : yes
Credentialed checks : no
Patch management checks : None
Display superseded patches : yes (supersedence plugin launched)
CGI scanning : disabled
Web application tests : disabled
Max hosts : 5
Max checks : 5
Recv timeout : 5
Backports : None
Allow post-scan editing: Yes
Scan Start Date : 2020/8/25 20:39 India Standard Time
Scan duration : 472 sec
","","","","","None","","","","2005/08/26","2020/08/24","","",""
"24786","","","None","192.168.1.4","tcp","0","Nessus Windows Scan Not Performed with Admin Privileges","The Nessus scan of this host may be incomplete due to insufficient
privileges provided.","The Nessus scanner testing the remote host has been given SMB
credentials to log into the remote host, however these credentials do
not have administrative privileges. 

Typically, when Nessus performs a patch audit, it logs into the remote
host and reads the version of the DLLs on the remote host to determine
if a given patch has been applied or not.  This is the method Microsoft
recommends to determine if a patch has been applied. 

If your Nessus scanner does not have administrative privileges when
doing a scan, then Nessus has to fall back to perform a patch audit
through the registry which may lead to false positives (especially when
using third-party patch auditing tools) or to false negatives (not all
patches can be detected through the registry).","Reconfigure your scanner to use credentials with administrative
privileges.","","
It was not possible to connect to '\\HP\ADMIN$' with the supplied credentials.
","","","","","None","","","","2007/03/12","2013/01/07","","",""
"26917","","","None","192.168.1.4","tcp","445","Microsoft Windows SMB Registry : Nessus Cannot Access the Windows Registry","Nessus is not able to access the remote Windows Registry.","It was not possible to connect to PIPE\winreg on the remote host.

If you intend to use Nessus to perform registry-based checks, the
registry checks will not work because the 'Remote Registry Access'
service (winreg) has been disabled on the remote host or can not be
connected to with the supplied credentials.","n/a","","Could not connect to the registry because:
Could not connect to \winreg","","","","","None","","","","2007/10/04","2011/03/27","","",""
"42410","","","None","192.168.1.4","tcp","445","Microsoft Windows NTLMSSP Authentication Request Remote Network Name Disclosure","It is possible to obtain the network name of the remote host.","The remote host listens on tcp port 445 and replies to SMB requests.

By sending an NTLMSSP authentication request it is possible to obtain
the name of the remote system and the name of its domain.","n/a","","The following 2 NetBIOS names have been gathered :

 HP               = Computer name
 HP               = Workgroup / Domain name
","","","","","None","","","","2009/11/06","2019/11/22","","",""
"45590","","","None","192.168.1.4","tcp","0","Common Platform Enumeration (CPE)","It was possible to enumerate CPE names that matched on the remote
system.","By using information obtained from a Nessus scan, this plugin reports
CPE (Common Platform Enumeration) matches for various hardware and
software products found on a host. 

Note that if an official CPE is not available for the product, this
plugin computes the best possible CPE based on the information
available from the scan.","n/a","http://cpe.mitre.org/
https://nvd.nist.gov/products/cpe","
The remote operating system matched the following CPE : 

  cpe:/o:microsoft:windows

Following application CPE matched on the remote system :

  cpe:/a:mysql:mysql:
","","","","","None","","","","2010/04/21","2020/08/20","","",""
"46215","","","None","192.168.1.4","tcp","0","Inconsistent Hostname and IP Address","The remote host's hostname is not consistent with DNS information.","The name of this machine either does not resolve or resolves to a
different IP address. 

This may come from a badly configured reverse DNS or from a host file
in use on the Nessus scanning host. 

As a result, URLs in plugin output may not be directly usable in a web
browser and some web tests may be incomplete.","Fix the reverse DNS or host file.","","The host name 'HP.domain.name' does not resolve to an IP address","","","","","None","","","","2010/05/03","2016/08/05","","",""
"54615","","","None","192.168.1.4","tcp","0","Device Type","It is possible to guess the remote device type.","Based on the remote operating system, it is possible to determine
what the remote system type is (eg: a printer, router, general-purpose
computer, etc).","n/a","","Remote device type : general-purpose
Confidence level : 50
","","","","","None","","","","2011/05/23","2011/05/23","","",""
"57608","","5.0","Medium","192.168.1.4","tcp","445","SMB Signing not required","Signing is not required on the remote SMB server.","Signing is not required on the remote SMB server. An unauthenticated,
remote attacker can exploit this to conduct man-in-the-middle attacks
against the SMB server.","Enforce message signing in the host's configuration. On Windows, this
is found in the policy setting 'Microsoft network server: Digitally
sign communications (always)'. On Samba, the setting is called 'server
signing'. See the 'see also' links for further details.","https://support.microsoft.com/en-us/help/887429/overview-of-server-message-block-signing
http://technet.microsoft.com/en-us/library/cc731957.aspx
http://www.nessus.org/u?74b80723
https://www.samba.org/samba/docs/current/man-html/smb.conf.5.html
http://www.nessus.org/u?a3cac4ea","","","5.3","3.7","4.6","Medium","","","","2012/01/19","2018/11/15","","",""
"97993","","","None","192.168.1.4","tcp","0","OS Identification and Installed Software Enumeration over SSH v2 (Using New SSH Library)","Information about the remote host can be disclosed via an
authenticated session.","Nessus was able to login to the remote host using SSH or local
commands and extract the list of installed packages.","n/a","","
Nessus can run commands on localhost to check if patches are applied.

Credentialed checks of Windows are not supported using SSH.

The remote host is not currently supported by this plugin.

Runtime : 1.634802 seconds
","","","","","None","","","","2017/05/30","2020/06/12","","",""
"100871","","","None","192.168.1.4","tcp","445","Microsoft Windows SMB Versions Supported (remote check)","It was possible to obtain information about the version of SMB running
on the remote host.","Nessus was able to obtain the version of SMB running on the remote
host by sending an authentication request to port 139 or 445.

Note that this plugin is a remote check and does not work on agents.","n/a","","
The remote host supports the following versions of SMB :
  SMBv2
","","","","","None","","","","2017/06/19","2019/11/22","","",""
"106716","","","None","192.168.1.4","tcp","445","Microsoft Windows SMB2 and SMB3 Dialects Supported (remote check)","It was possible to obtain information about the dialects of SMB2 and SMB3 available
on the remote host.","Nessus was able to obtain the set of SMB2 and SMB3 dialects running on the remote
host by sending an authentication request to port 139 or 445.","n/a","","
The remote host supports the following SMB dialects :
	_version_  _introduced in windows version_
	2.0.2      Windows 2008  
	2.1        Windows 7     
	3.0        Windows 8     
	3.0.2      Windows 8.1   
	3.1.1      Windows 10    

The remote host does NOT support the following SMB dialects :
	_version_  _introduced in windows version_
	2.2.2      Windows 8 Beta
	2.2.4      Windows 8 Beta
	3.1        Windows 10    
","","","","","None","","","","2018/02/09","2020/03/11","","",""
"110723","","","None","192.168.1.4","tcp","0","No Credentials Provided","Nessus was able to find common ports used for local checks,
however, no credentials were provided in the scan policy.","Nessus was unable to execute credentialed checks because no 
credentials were provided.","n/a","","SMB was detected on port 445 but no credentials were provided.
SMB local checks were not enabled.

","","","","","None","","","","2018/06/27","2018/10/02","","",""
"117886","","","None","192.168.1.4","tcp","0","Local Checks Not Enabled (info)","Local checks were not enabled.","Nessus did not enable local checks on the remote host. This does not
necessarily indicate a problem with the scan. Credentials may not have
been provided, local checks may not be available for the target, the
target may not have been identified, or another issue may have
occurred that prevented local checks from being enabled. See plugin
output for details.

This plugin reports informational findings related to local checks not
being enabled. For failure information, see plugin 21745 :
'Authentication Failure - Local Checks Not Run'.","n/a","","
The following issues were reported :

  - Plugin      : ssh_get_info2.nasl
    Plugin ID   : 97993
    Plugin Name : OS Identification and Installed Software Enumeration over SSH v2 (Using New SSH Library)
    Protocol    : LOCALHOST
    Message     : 
Credentialed checks of Windows are not supported using SSH.

  - Plugin      : ssh_get_info.nasl
    Plugin ID   : 12634
    Plugin Name : Authenticated Check : OS Name and Installed Package Enumeration
    Protocol    : LOCALHOST
    Message     : 
Remote host was not identified as a known device or operating
system and the execution of ""uname -a"" failed.

SSH Version Banner : 


  - Plugin      : no_local_checks_credentials.nasl
    Plugin ID   : 110723
    Plugin Name : No Credentials Provided
    Message     : 
Credentials were not provided for detected SMB service.
","","","","","None","","","","2018/10/02","2018/11/02","","",""
"135860","","","None","192.168.1.4","tcp","445","WMI Not Available","WMI queries could not be made against the remote host.","WMI (Windows Management Instrumentation) is not available on the
remote host over DCOM. WMI queries are used to gather information
about the remote host, such as its current state, network interface
configuration, etc.

Without this information Nessus may not be able to identify installed
software or security vunerabilities that exist on the remote host.","n/a","https://docs.microsoft.com/en-us/windows/win32/wmisdk/wmi-start-page","Can't connect to the 'root\CIMV2' WMI namespace.","","","","","None","","","","2020/04/21","2020/08/20","","",""
